Date,Version,Num_Changes,Changes,Category
2023-05-04,v357.18,2,Added a command line unofficial admins can opt to add to protect against the creature upload issue. This can be done by adding  -SecureSendArKPayload to the cmd line. Please be aware this may have an impact on some mods. v357.18 - 05/04/2023 - Minor version for servers,Minor
2023-05-04,v357.17,2,Fixed multiple exploits v357.17 - 05/04/2023 - Minor version for servers,Minor
2023-04-26,v357.15,1,v357.15 - 04/26/2023 - Minor version for servers,Minor
2023-04-14,v357.14,1,v357.14 - 04/14/2023 - Minor version for servers,Minor
2023-04-12,v357.13,1,v357.13 - 04/12/2023 - Minor version for servers,Minor
2023-04-07,v357.12,1,v357.12 - 04/07/2023 - Minor version for servers,Minor
2023-03-31,v357.9,1,v357.9 - 03/31/2023 - Minor version for servers,Minor
2023-03-24,v357.5,3,Fixed an issue sitting in the Genesis fishing mission Fixed an exploit v357.5 - 03/24/2023 - Minor version for servers,Minor
2023-03-06,v357.4,2,Fixed multiple exploits v357.4 - 03/06/2023 - Minor version for servers,Minor
2023-03-02,v357.3,2,Fixed a crash v357.3 - 03/02/2023 - Major version for servers and clients,Major
2023-02-20,v356.12,6,Fixed poop not going into player hotbars when handcuffed Fix for the exosuit or other characters getting stuck when transitioning between RTS Mode Fixes for characters getting stuck when transitioning between different controlled characters using the noglin Increase tribe message replication length limit from 200 to 300 Spectators in admin mode can now see all local chat v356.12 - 02/20/2023 - Minor version for servers,Minor
2023-02-10,v356.11,2,Fixed an exploit v356.11 - 02/10/2023 - Minor version for servers,Minor
2023-02-07,v356.9,12,"Set event colorset from dynamic config using: ActiveEventColors=<name, e.g. ""FearEvolved""> Additional option added ""custom"" allows for a custom colorset to be set up directly from dynamic config. If using ActiveEventColors=custom then the colorset can be defined with: DynamicColorset=<comma-separated list of color names> e.g DynamicColorset=Red,Magenta,DeepPink,Lavender The color names must be -exact- accounting for special characters and spaces. ""DynamicColorset"" will only be used if using ActiveEventColors=custom Updated Vday colorset DarkLavender,DarkMagenta,Dino Dark Purple,Dino Light Red,DeepPink,Dark Red,LemonLime,Red,ActualBlack Fixed a couple issues with tek teleporters not functioning after coming into contact with water Fixed a crash v356.9 - 02/07/2023 - Minor version for servers",Minor
2023-02-06,v356.8,1,v356.8 - 02/06/2023 - Minor version for servers,Minor
2023-01-31,v356.5,1,v356.5 - 01/31/2023 - Minor version for servers,Minor
2023-01-26,v355.14,1,v355.14 - 01/26/2023 - Minor version for servers,Minor
2023-01-18,v355.16,12,"GameUserSettings.ini [ServerSettings] bFilterTribeNames=True // Filters out tribe names based on the badwords/goodwords list. bFilterCharacterNames=True // Filters out character names based on the bad words/good words list. bFilterChat=true // Filters out character names based on the bad word/good words list BadWordListURL=""URL GOES HERE"" // for hosting your own bad words list BadWordWhiteListURL=""URLGOESHERE"" // for hosting your own good words list Disabled unintended client-side visual configs Fix the mouse cursor lock experienced when trying to access a structure that you do not have rank permissions for in RTS mode Fixed being able to select Access inventory from radial wheel on controller perf adjustment: Rate limit world buff ticks Adjust transfer all cooldown to 2 seconds Fixed a crash Fixed multiple exploits v355.16 - 01/18/2023 - Minor version for servers",Minor
2023-01-11,v355.14,2,Fixed multiple exploits v355.14 - 01/11/2023 - Minor version for servers,Minor
2023-01-10,v355.13,2,Exo mek structure pickup now respects tribe permissions v355.13 - 01/10/2023 - Minor version for servers,Minor
2023-01-03,v355.12,2,Fixed the Random Chibi Engram in the Refining Forge not saving on server restart v355.12 - 01/03/2023 - Minor version for servers,Minor
2022-12-23,v355.9,1,v355.9 - 12/23/2022 - Minor version for servers,Minor
2022-12-23,v355.7,1,v355.7 - 12/23/2022 - Minor version for servers,Minor
2022-09-23,v349.28,1,v349.28 - 09/23/2022 - Minor version for servers,Minor
2022-09-21,v349.27,1,v349.27 - 09/21/2022 - Minor version for servers,Minor
2022-09-19,v349.25,3,Fixed an exploit Fixed an issue that would cause unofficial servers to crash when using certain mods. The affected mods should work now and unofficials can opt-in to the more secure item/dino spawning rules by adding -UseSecureSpawnRules to the server launch arguments. Using this launch argument may render certain mods non-functioning!!! v349.25 - 09/19/2022 - Minor version for servers,Minor
2022-09-07,v349.22,1,v349.22 - 09/07/2022 - Minor version for servers,Minor
2022-09-07,v349.19,1,v349.19 - 09/07/2022 - Minor version for servers,Minor
2022-09-06,v349.16,1,v349.16 - 09/06/2022 - Minor version for servers,Minor
2022-09-06,v349.14,2,Fixed a crash when using RCON v349.14 - 09/06/2022 - Minor version for clients,Minor
2022-09-03,v349.13,1,v349.13 - 09/03/2022 - Minor version for servers,Minor
2022-09-02,v349.10,1,v349.10 - 09/02/2022 - Minor version for servers,Minor
2022-09-02,v349.8,4,"Fixed a connection issue Iterated on an authentication exploit New server launch argument: -imprintlimit=100 (this caps imprints at 100%); though we recommend going 1% higher to catch floating point errors especially when working with custom imprinting rates! Note, any creature exceeding this cap will be destroyed. v349.8 - 09/02/2022 - Minor version for servers",Minor
2022-08-31,v349.5,3,Iterated on an authentication exploit Fixed a god mode exploit v349.5 - 08/31/2022 - Minor version for servers,Minor
2022-08-31,v349.3,1,v349.3 - 08/31/2022 - Minor version for servers,Minor
2022-08-24,v349.2,2,Fixed a crash v349.2 - 08/24/2022 - Minor version for servers,Minor
2022-08-24,v349.1,1,v349.1 - 08/24/2022 - Major version,Major
2022-08-16,v348.10,9,Fixed some map issues on Fjordur Fixed issue with getting dismounted from Space Dolphin randomly Fixed a server crash with saves over 4gb Fixed Basilisk not being able to tame in Simplified Chinese Added server config to disable creating folders in Tribute Inventories. (Now disabled on Official servers)  -DisableCustomFoldersInTributeInventories Added server config to temporarily disable the Tek Railgun on PVP servers. (Now disabled on Official PVP servers)  -DisableRailgunPVP v348.10 - 08/16/2022 - Minor version for servers,Minor
2022-08-03,v348.7,2,Fixed a crash v348.7 - 08/03/2022 - Minor version for servers,Minor
2022-07-29,v348.6,3,Mutagen spawns no longer save on server restart Disabled spawning on canoes while we investigate a related crash v348.6 - 07/29/2022 - Minor version for servers,Minor
2022-07-26,v348.5,1,v348.5 - 07/26/2022 - Minor version for servers,Minor
2022-07-21,v348.4,2,Fixed a crash v348.4 - 07/21/2022 - Minor version for servers,Minor
2022-06-28,v346.30,3,Multiple map fixes for Fjordur Fixed an issue that caused the XP bar to display incorrectly v346.30 - 06/28/2022 - Minor version for servers,Minor
2022-06-23,v346.16,1,v346.16 - 06/23/2022 - Minor version for servers and clients,Minor
2022-06-21,v346.14,4,Fixed cases where Desmodus would gain too much movement speed Desmodus speed can now be leveled up with -AllowFlyerSpeedLeveling Fixed an issue where minibosses would sometimes not drop a relic v346.14 - 06/21/2022 - Minor version for servers and clients,Minor
2022-06-13,v346.12,7,Added other map learnable engrams to Fjordur (now matches Lost Island) Fixed several map issues on Fjordur Fixed gamepad issues while mounted Fixed Desmodus issues while using Simplified Chinese Fixed an exploit Fixed a crash v346.12 - 06/13/2022 - Minor version for servers,Minor
2022-06-12,v346.11,3,"Server administrators can enable and disable the Fjordur biome teleport in GameUserSettings.ini, under [ServerSettings] with the server config option: UseFjordurTraversalBuff=true/false v346.11 - 06/12/2022 - Major version for servers and clients",Major
2022-06-03,v345.39,6,"To address an unintended change, the turret exclusion list option is now applicable to wild dinos only The TEK Helmet multi-use wheel is now accessible while mounted Fixed an issue that caused the Lost Island Artifact of the Massive/Devious respawn incorrectly Fixed an exploit Fixed multiple map holes v345.39 - 06/03/2022 - Minor version for servers",Minor
2022-06-02,v345.38,1,v345.38 - 06/02/2022 - Minor version for servers,Minor
2022-05-25,v345.37,2,Fixed an exploit v345.37 - 05/25/2022 - Minor version for servers,Minor
2022-05-19,v345.35,1,v345.35 - 05/19/2022 - Minor version for servers,Minor
2022-05-18,v345.33,2,Fixed an exploit v345.33 - 05/18/2022 - Minor version for servers,Minor
2022-05-16,v345.31,1,v345.31 - 05/16/2022 - Minor version for servers,Minor
2022-05-16,v345.28,4,Reenabled the TEK Railgun's ability to shoot through geo/meshes on Official PvP Fixed an exploit with the TEK Railgun Fixed a bug with the TEK Railgun's range v345.28 - 05/16/2022 - Minor version for servers,Minor
2022-05-13,v345.25,1,v345.25 - 05/13/2022 - Minor version for servers,Minor
2022-04-15,v345.19,1,v345.19 - 04/15/2022 - Minor version for servers,Minor
2022-04-14,v345.18,1,v345.18 - 04/14/2022 - Minor version for servers,Minor
2022-04-13,v345.17,1,v345.17 - 04/13/2022 - Minor version for servers,Minor
2022-04-13,v345.16,1,v345.16 - 04/13/2022 - Minor version for servers,Minor
2022-04-10,v345.6,1,v345.6 - 04/10/2022 - Major version for clients and servers,Major
2022-04-10,v344.26,2,"For the duration of Egccellent Adventure, we will be disabling the world buffs from Baby Boon & Maewing Poach on Genesis Part 2 on the Official Network. In the past, we've adjusted for the impact events have had on the rates by tweaking the bonuses that we use during the holidays, however, those tweaks lead to unfavorable circumstances on maps that aren't Genesis Part 2, so going forward during breeding events, we'll be disabling these mission buffs specifically as not to affect the bonuses on other maps. v344.26 - 04/10/2022 - Minor version for  servers",Minor
2022-04-08,v344.21,1,v344.21 - 04/08/2022 - Minor version for  servers,Minor
2022-04-07,v344.12,1,v344.12 - 04/07/2022 - Minor version for  servers,Minor
2022-03-10,v344.8,2,Refactored the way creatures consume food upon exiting stasis resulting in a significant performance optimization v344.8 - 03/10/2022 - Minor version for clients and servers,Minor
2022-03-03,v344.3,2,Fixed a crash v344.3 - 03/03/2022 - Major version for clients and servers,Major
2022-02-24,v343.19,7,All of the event content will be added to the PC game at the end of the year's cycle of events so they can be opted into for our PC unofficial server owners and players. Our console players will be able to grab all event cosmetics from the Hex store! Over 70 fixes related to mesh holes and foliage across all maps  Fixed an issue where King Dinopithecus trophies disappeared on session restart Disabled various boss trophies from being able to be transferred to prevent them from disappearing Fixed a bug with fishing from a canoe Fixed an exploit v343.19 - 02/24/2022 - Minor version for  servers,Minor
2022-02-21,v343.17,1,v343.17 - 02/21/2022 - Minor version for  clients,Minor
2022-02-18,v343.17,2,Fixed a bug when fishing from the canoe v343.17 - 02/18/2022 - Minor version for  servers,Minor
2022-02-10,v343.12,1,v343.12 - 02/10/2022 - Minor version for  servers,Minor
2022-02-09,v343.11,1,v343.11 - 02/09/2022 - Minor version for  clients,Minor
2022-02-09,v343.7,1,v343.7 - 02/09/2022 - Major version for servers and clients,Major
2022-01-27,v342.22,19,"For the duration of Love Evolved, we will be disabling the world buffs from Baby Boon & Maewing Poach on Genesis Part 2 on the Official Network. In the past, we've adjusted for the impact event have had on the rates by tweaking the bonuses that we use during the holidays, however, those tweaks lead to unfavorable circumstances on maps that aren't Genesis Part 2, so going forward during breeding events, we'll be disabling these mission buffs specifically as not to affect the bonuses on other maps. Player will no longer punch when cycling through snap points on Xbox while using RB Dinopithecus will no longer drop its follow target when it has an attacking target Additional players will no longer be deleted when riding a Mega MEK Wild Noglins can now be targeted by Plant X Turret mode is now disabled after a Parasaur dies Fixed an issue where adjusting DinoCountMultiplier on an unofficial server prevents quetz, spino and tuso spawning The egg incubator gestation monitoring buff will now correctly display the embryo stats of Unicorns The egg incubator HUD will now show when trying to check Megaloceros stats Element reward has been increased on King Dinopithecus by 33% Tek Shoulder Cannon will now turn back on after dismounting an Exosuit Fixed an issue with the mammoth drum buff Fixed several map holes on Lost Island Fixed floating foliage on Lost Island Fixed an overspawning issue in Lost Island cave Fixed an issue that required players to install The Center DLC to play on Ragnarok Added ""exact match"" parameter to some cheats: cheat DestroyAll ""classname"" 1 Fixed multiple exploits Current Version: v342.22 - 01/27/2022 - Minor version for servers",Minor
2022-01-27,v342.20,1,v342.20 - 01/27/2022 - Minor version for servers,Minor
2022-01-24,v342.17,2,Fix for server crash v342.17 - 01/24/2022 - Minor version for servers,Minor
2022-01-19,v342.16,1,v342.16 - 01/19/2022 - Minor version for clients,Minor
2022-01-13,v342.15,3,Fixed SInomacrops losing taming progress if food drops below 50% Sinomacrops will no longer eat kibble v342.15 - 01/13/2022 - Minor version for servers,Minor
2022-01-12,v342.13,1,v342.13 - 01/12/2022 - Minor version for servers,Minor
2022-01-10,v342.9,3,Fixed SInomacrops losing taming progress if food drops below 50% Sinomacrops will no longer eat kibble v342.9 - 01/10/2022 - Minor version for servers,Minor
2021-12-30,v341.59,14,Fixed some holes in lost island Fixed some crashes Addressed some overspawning issues on Lost Island Can no longer place dermis of creatures in taxidermy/training dummy if that creature is not transferrable to a given map Fix loot crate spawns of Massive/Devious artifacts Fix for fertilized voidwyvern eggs not decaying Reduced fog while underwater Fixed some clutter & foliage Adjustments & fixes to Amargasaurus Fixes to Sinomacrops Adjusted respawn map and global LAT/LON coords to be more accurate on Lost Island Fixed large beaver dams being invisible for some clients on Lost Island Fixed an issue where some dinos were marked as not tameable in caves on Lost Island Current Version: v341.59 - 12/30/2021 - Minor version for servers,Minor
2021-12-23,v341.56,1,v341.56 - 12/23/2021 - Minor version for servers,Minor
2021-12-16,v341.31,3,Various map fixes for Lost Island Sinomacrops can now be transferred to Aberration v341.31 - 12/16/2021 - Minor version update for servers,Minor
2021-12-15,v341.30,4,Dinopithecus now has faster and sticky grenades Disabled flyers and jetpack in boss arena Level weight has been adjusted on Lost Island so that it'll be more likely to find higher level creatures v341.30 - 12/15/2021 - Minor version update for clients and servers,Minor
2021-12-15,v341.28,1,v341.28 - 12/15/2021 - Minor version update for servers,Minor
2021-12-14,v340.19,5,Magmasaur's can now be raised with sulfur Improved Amargasaurus AI Fixed volcano ground clutter issues Improved Dinopithecus melee attacks v340.19 - 12/14/2021 - Major version update for clients and servers,Major
2021-11-29,v340.12,7,"Winter Wonderland will be making a triumphant return with new presents and goodies for ARK survivors. Use the server parameter -ActiveEvent=WinterWonderland to begin the event. For the duration of Winter Wonderland, we have disabled the world buffs from the Genesis Part 2 Missions on the Official Network: Baby Boon & Maewing Poach. In the past, we've adjusted for the impact this event has had on the rates by tweaking the bonuses that we use during the holidays, however those tweaks lead to unfavourable circumstances on maps that aren't Genesis Part 2, so going forward during breeding events, we'll be disabling these mission buffs specifically as not to affect the bonuses on other maps. QOL: New TEK Egg Incubator Buff 'Gestation Monitoring' - activating this buff grants your character the ability to view the embyro's stats of gestating creatures or reset the creature's gestation. Fixed some exploits Fixed some server and crashes Fixed a bug where the TEK Bow would fire inconsistently v340.12 - 11/29/2021 - Minor version update for servers",Minor
2021-11-29,v340.10,1,v340.10 - 11/29/2021 - Minor version update for servers,Minor
2021-11-29,v340.8,1,v340.8 - 11/29/2021 - Minor version update for servers and clients,Minor
2021-11-23,v340.3,2,Fixed an issue for non-dedicated servers that prevented players from joining when using a DLC map v340.3 - 11/23/2021 - Major version,Major
2021-11-18,v339.40,2,Fixed several exploits v339.40 - 11/18/2021 - Minor version update for servers,Minor
2021-11-12,v339.34,1,v339.34 - 11/12/2021 - Minor version update for servers,Minor
2021-11-09,v339.28,1,v339.28 - 11/9/2021 - Minor version update for servers,Minor
2021-11-04,v339.20,0,,Before
2021-10-29,v339.14,0,,Before
2021-10-26,v339.7,0,,Before
2021-10-26,v339.5,1,v339.5 - 10/26/2021,Before
2021-10-21,v338.41,2,Fixed some exploits  v338.41 - 10/21/2021,Before
2021-10-20,v338.35,2,Fixed a bug where the player and Stego were immune to being netted v338.35 - 10/20/2021,Before
2021-10-18,v338.31,2,Increased Astrodelphis Missile/Homing Missile cooldown to 1 second. Does not affect the Mission variant. v338.31 - 10/18/2021,Before
2021-10-16,v338.30,1,v338.30 - 10/16/2021,Before
2021-10-15,v338.29,1,v338.29 - 10/15/2021,Before
2021-10-15,v338.23,3,Turret health buff has now been updated and will no longer require the replacing of turrets to take effect Fixed an exploit v338.23 - 10/15/2021,Before
2021-10-13,v337.41,16,Expanded the Tek Cloner register range by 3x Reduced Tek Surveillance Console Stack Size from 100 to 5 Display a HUD whilst holding H with tek Glove equipped displaying player location and upload timer Increased Magmasaurâ€™s smelting output by 100% Enabled auto-harvest on Ankylosaurus Enabled breeding on Rockdrakes Enabled breeding on Achatina ;) Fixed some exploits Fixed a bug where TEK Stryders and MEKs would not regain health in stasis Fixed a bug where MEK modules would lose durability when released from cryopod Two new admin commands: cheat drainwater <number> and cheat drainfood <number> Fixed a bug where the Dedicated Storage Box would ignore stack modifiers in server config files Fixed a bug where caused Plant Z to no longer heal dinos Fixed a bug where Soap would remove textures from some structures Fixed a bug where Cosmetics on the Shadowmane would not retain their colour v337.41 - 10/13/2021,Before
2021-10-12,v337.36,2,Fixed an exploit v337.36 - 10/12/2021,Before
2021-10-10,v337.35,1,v337.35 - 10/10/2021,Before
2021-10-10,v337.33,2,Fixed an exploit v337.33 - 10/10/2021,Before
2021-10-08,v337.21,1,v337.21 - 10/08/2021,Before
2021-10-01,v337.20,1,v337.20 - 10/01/2021,Before
2021-09-29,v337.17,1,v337.17 - 09/29/2021,Before
2021-09-23,v337.16,1,v337.16 - 09/23/2021,Before
2021-09-17,v678.51,8,"Fixed a bug where pressing ""Spacebar"" to bring up the camera list would shrink the UI each time Fixed a bug where weapons on the Loadout Mannequin would equip to feet Fixed some typos in text strings Fixed server versioning TEK Security Console Cameras are now able to be unlinked remotely Fixed servers not showing up when attempting to transfer between servers on Stadia Adjusted default Stadia video settings to support increased view distance and better texture quality. The following settings can also be adjusted in the options: post processing and view distance. v678.51 - 09/17/2021",Before
2021-09-15,v678.46,4,"Fixed a bug where Explorer Notes would not unlock properly on Genesis Part 1 and Genesis Part 2. Any missing Genesis Part 2 note can be re-collected, and Genesis Part 1 notes should be fixed retroactively however may require you to respawn on Genesis Part 1. Fixed a bug where empty dedicated storage boxes would leave empty bags when destroyed Added 3 more buttons to Dedicated Storage boxes to withdraw 1, 5, and 10 items. v678.46 - 09/15/2021",Before
2021-09-14,v678.45,1,v678.45 - 09/14/2021,Before
2021-09-10,v678.37,5,"Refactored TEK Dedicated Storage. This is a rework of the structure for server optimization, it should improve stability across the board due to huge memory-savings on large/active servers. It will generally function the same. You can still deposit and withdraw, but there are a few changes to be noted: You'll now be able to slot cap yourself directly using the Transfer All button when using the dedicated storage and it will ignore your weight. You'll no longer see an inventory inside the dedicated storage box when opening it, don't worry, your items are still there. You'll no longer be able to popcorn (Spamming the 'O' key to drop items) from the dedicated storage directly, (but you can now transfer a slot cap into your own inventory and popcorn from there). v678.37 - 09/10/2021",Before
2021-09-10,v678.32,1,v678.32 - 09/10/2021,Before
2021-09-10,v678.30,1,v678.30 - 09/10/2021,Before
2021-09-08,v678.20,2,Fixed multiple exploits v678.20 - 09/08/2021,Before
2021-09-02,v678.13,4,Fixed a bug where Mini-HLNA emotes didn't play for female characters Fixed a bug where Mantis was not able to harvest with tools Fixed some exploits v678.13 - 09/02/2021,Before
2021-08-31,v678.10,5,Fixed some crashes Fixed some cases where Mission Dinos could spawn under the mesh Fixed some cases where Mini-HLNA would no longer play its emotes Fixed a bug where the Ferox's insulation buff was not correctly applying v678.10 - 08/31/2021,Before
2021-08-30,v336.23,2,Fixed some exploits v336.23 - 08/30/2021,Before
2021-08-24,v336.12,3,"Fixed a bug where kill notifications would not appear Fixed multiple level-design related bugs such as holes, floating foliage, incorrect volumes, etc v336.12 - 08/24/2021",Before
2021-08-17,v336.3,1,v336.3 - 08/17/2021,Before
2021-08-11,v335.8,15,Fixed a bug where the Mutagen nearby buff icon would not display properly Fixed a bug where the Raft and Motorboat would not work properly in some water volumes Fixed a bug where the TEK Stryder bed would duplicate itself on the respawn UI Fixed a bug where Charge Batteries would not recharge in stasis'd TEK Stryders Fixed a bug where creatures would spawn above the map on some levels Fixed a bug where HLNA teleportion would not work when the game is run different languages Fixed a bug where certain creature abilities would not work when the game is run different languages Fixed a bug where the Loadout Mannequin's hotbar would no longer work when using blueprints Fixed a bug where Mutagen bulbs would fall through the map in certain cases Fixed multiple bugs with the Noglin causing problems when taming and possessing. Fixed a bug where some missions would not start properly/could not be completed. Fixed a bug where some subtitles were not playing when the game is run in different languages Fixed a bug where Explorer Note VO would constantly repeat if you return to the location. TEK Dedicated Storage box now supports its quantity display on various sides of the structure and has some QOL features to enable these on multiple boxes easily. v335.8 - 08/11/2021,Before
2021-08-05,v334.3,7,"Fixed a bug where players would not get twins or triplets when hatching/birthing babies on PC Fixed a bug which caused Eggs to not be visible in the Egg Incubator Fixed a bug where certain creature abilities would not work when the game is run different languages Fixed some exploits Fixed some localisation bugs Fixed some level design related bugs such as holes, floating foliage, incorrect volumes, incorrect damage multipliers v334.3 - 08/05/2021",Before
2021-07-29,v333.15,16,Fixed a bug that prevented players from repairing items in Dino Inventories that functioned as Smithy. Fixed a bug that caused the Charge Lantern to lose quality when placed and picked up. Fixed a bug that prevented some boss flags from being placed. Fixed some voiceover bugs. Fixed some PVE Exploits. Fixed some incorrect spawns with Summoner. Fixed some areas that prevented Megachelon from building. Fixed some client stalls when using the TEK Incubator. Fixed a bug which could cause items to be lost in the Loadout Mannequin when using a non-survivor dermis. Fixed a bug where players were being killed when entering a mission mounted from a Stegosaurus. Fixed a bug where some Explorer Notes would repeat themselves on unlock. Reworked the Shadowmane leap so that it works better on servers with low framerate and fixed a bug where it would jump too far in some cases Removed some redundant options in metal elevator platform multi-use wheel TEK Stryder beds are now named after the TEK Stryder itself Made some balance tweaks to Trap and Hunt missions to reduce overall difficulty v333.15 - 07/29/2021,Before
2021-07-28,v334.13,1,v334.13 - 07/28/2021,Before
2021-07-22,v333.4,15,"Fixed some cases where certain structures were not respecting Tribe Rank Rules Fixed some level design related bugs such as holes, floating foliage, incorrect volumes, incorrect damage multipliers. Fixed a bug where the Egg Incubator would not display stats for certain creature eggs, such as the Bloodstalker and Megachelon Fixed a bug where Cryopod UI would display incorrectly display hidden colour regions Fixed a bug which prevented TEK Skiffs from being crafted due to nearby Voidwyrms Fixed a bug which prevented resources from respawning due to nearby Voidwyrms Fixed a bug which caused Gacha's to provide the wrong fungal wood Fixed some more edge cases where Noglins' could still fly certain flying creatures under water Fixed some more edge cases where mission data could have been lost Prevented being able to drop eggs in the non-overworld Mission zones (such as Survive The ARK) Fixed some exploits Fixed some server and client crashes Unofficials can now enable additional dupe protection using the following commandline: -UseItemDupeCheck (Note: this could have an impact on mods, so use with caution) v333.4 - 07/22/2021 (Major version update)",Major
2021-07-20,v332.12,26,"Fixed a bug where Baryonyx wouldn't regenerate health on killing fish Fixed a bug with Brontosaurus IK Fixed some level design related bugs such as holes, floating foliage, incorrect volumes, incorrect damage multipliers. Fixed a bug where players would be unable to remount the Voidwyrm if the player was killed during the taming process Fixed a bug causing visual artifacts in water Fixed a bug where some wild creatures wouldn't be able to damage each other Fixed a bug where you wouldn't be able to use '0000' as a valid pin on Pressure Plates & TEK Sensors Fixed a bug where Lamp Post, Omni Lights, and TEK Lights were having their options reset when you would leave stasis/render distance Fixed a bug which allowed the Zero G buff to persist outside of the space biome Fixed & protected against multiple exploits Fixed & protected against multiple server and client crashes Fixed a bug which caused unclaimed baby dino corposes to fall through the map when killed Fixed a bug where Shadowmane could do higher than intended damage in some cases Fixed a bug where turrets that were powered by the ""Copy Settings"" feature would not automatically turn back on when the generator they were powered by was refueled. Fixed a bug which made players unable to use the TEK Sword charge ability when the Shoulder Cannon was equipped Fixed some false positive anti-mesh detection Plant Species R decay timer has been increased to 20 days TEK Sensor and canvas now respect enemy foundation range Made some tweaks to the Starwing Strike race so it can no longer be completed without moving the Astrodelphis. Creatures spawned by Hunt Missions can no longer be netted Shadowmane can no longer jump/blink when it has C4 attached to it (similarly to the Managarmr) Updated some text string to be more accurate Two new admin commands: Cheat AddChibiExp <HowMuch> Cheat AddChibiExpToPlayer <PlayerID> <HowMuch> v332.12 - 07/20/2021 (Client)",Before
2021-07-20,v332.14,1,v332.14 - 07/20/2021 (Server),Before
2021-07-15,v332.13,1,v332.13 - 07/15/2021,Before
2021-07-15,v332.11,4,"Noglins can attach to flyers and use them in non-flyzones but not underwater Net immunity cooldown increased from 10 seconds to 30 seconds When releasing a dino from a cryopod on servers using bEnableCryopodNerf, the creature will not be able to be netted for the duration of that buff. On Official PvP, this is set to 10 seconds. v332.11 - 07/15/2021",Before
2021-07-02,v332.8,28,"Fixed some exploits Fixed some client and server crashes Fixed some server stalls Fixed Megalodon gestation time (once again matches Megaloceros) Fixed some placement issues with some trophies Fixed a lot of level design related bugs such as holes, floating foliage, incorrect volumes, incorrect damage multipliers. Structures built on a Hoverskiff will forward damage to the skiff (does not forward damage from Wild creatures) Fixed some Desync reports Fixed a bug where HLNA crafting Explorer Notes would not unlock when using different characters on the same account Fixed some cases on Genesis Part 1 where the Explorer Notes would not unlock properly on the server Exintction Explorer Note #21 has been moved so it is no longer in the mesh Fixed a case where wild Snow Owls wouldn't be able to attack HLNA opacity settings now affect her movement SFX Fixed a bug where the Hoverskiff would not take off in Genesis Part 1: Tokyo Skiff mission Fixed a bug where some saddle engrams were missing from their respective crafting stations You can no longer build through Mission Dispatchers on Genesis Part 2 Fixed some mesh exploits Fixed a bug where you couldn't craft TEK Replicator on Genesis Part 1 Fixed a bug where TEK Stryder transmitter inventory was being wiped on server load Fixed a bug where players could move Netted Creatures Fixed some cases where the Noglin could attach in cases it shouldn't, and some cases where after a Noglin has attached it would be in a broken state. Fixed a bug on the Starwing Strike mission where your camera could get stuck using a gamepad Noglins now respect no flyer rules (maps, volumes, and water volumes). 6x Structure Damage has been removed from vents on Genesis Part 2 Fixed a case where players sometimes did not get their race creatures/canoe. Fixed a bug where some Genesis Part 2 creatures were not able to hit level 500 on Official Servers Fixed some shader/visual issues with SM4 v332.8 - 07/02/2021",Before
2021-07-01,v332.6,6,Reduced Cuddle Interval on Slide and Glide Mission from 0.5 to 0.1 to increase time between imprints (maturation and imprint bonuses remain the same) Fixed some mesh exploits Fixed some crashes Fixed a case where players would not be able to unlock Explorer Notes on Genesis Part 2 Fixed some issues SFX issues with HLNA v332.6 - 07/01/2021,Before
2021-06-30,v332.1,12,Fixed a bug where mission levels would not unload properly Fixed a bug with the Mission UI Fixed a bug where a random asteroids would momentarily appear on low framerate servers during space warp Fixed some cases on PVE where players could build in building-prevented areas Fixed a case where some Mission Dinos were not being properly destroyed Nets are no longer effective against alpha creatures Fixed some exploits Fixed some client and server crashes Fixed a case where players would randomly die to fall damage in the Starwing Strike mission on low framerate servers Fixed some mission VO bugs Fixed some cases where players could exploit certain mechanics to make missions trivial v332.1 - 06/30/2021,Before
2021-06-26,v331.19,15,"Re-added missing cosmetic items from a previous event Fixed and protected against multiple exploits Fixed multiple crashes and exploits Fixed a bug where turrets wouldn't shoot unclaimed creatures TEK Pistol has reduced damage when used against boss monsters Velonasaur spawns have been updated on GEN2 to use the R-Velonasaur Mission Net Ammo no longer works on non-mission creatures Fixed a bug which prevented players from being able to place C4 properly Fixed a lot of level design related bugs such as holes, floating foliage, incorrect volumes. Fixed some SFX bugs with the Stryder Fixed a bug where players were unable to remove cosmetics from the Shadowmane Maewings now have a toggle visible trough area Reduced Equus gestation time Fixed a bug where players could speed up the taming process by using a Stego's impale mechanic v331.19 - 06/26/2021",Before
2021-06-24,v331.11,5,"Fixed a case where cryopods were being destroyed when releasing cryopoded-creatures Fixed & protected against multiple exploits Copy Dino Settings now only applies to dinos of the same type/variant (i.e Parasaur, X-Parasaur, etc) Copy Dino Settings now has a timer and release, akin to unclaiming a creature, to prevent accidental usage. v331.11 - 06/24/2021",Before
2021-06-22,v331.7,8,"Fixed a bug where the WorldBuffScalingEfficacy would break harvesting rates Prevented some Rockwell & Eden variants creatures on Aberration that weren't native to the map (https://survivetheark.com/index.php?/forums/topic/617465-an-update-concerning-genesis-2-r-variants-on-aberration/) Enabled creature downloads on Aberration for the Genesis Part 2 permitted creatures, including Stryder, Maewing, Shadowmane, Noglin, and some R-variants. Fixed multiple level design related bugs such as holes, volumes, and floating folliage. Shadowmane baby food consumption has been reduced Fixed a bug where Maewing babies in baskets could be lost on server start up Fixed cases where the ""hacking"" mini game could fail incorrectly when taming the Stryder, and also made it more reliable on all servers.  v331.7 - 06/22/2021",Before
2021-06-20,v331.1,6,Reduced the Lazer range of the Astrodelphis (does not affect mission version of Astrodelphis) Astrodelphis Lazers now respect armor when applying damage (does not affect mission version of Astrodelphis) Adjusted Mantis Feeding to prevent it from starving when fed Rhino Horns Fixed a bug where the Astrodelphis baby would get stuck inside the mother on spawn Fixed a mesh exploit v331.1 - 06/20/2021,Before
2021-06-18,v330.8,5,Fixed multiple server crashes Fixed an edge case bug where feeding the Shadowmane would not result in an affinity gain Fixed a bug where the Global Mission Reward bonuses were overriding dynamic rates Astrodelphis homing missile no longer targets players v330.8 - 06/18/2021,Before
2021-06-08,v329.22,20,"Added bees to GEN2 (recommending ForceRespawnDinos/killing dinos if you don't see them!) Added Keratin & Chitin to the Meat Plants in the Corrupt Cave Reduced crafting time of Cementing Paste to 1 second from 5 seconds Fixed multiple server side and client crashes Fixed a bug where MEKs could not harvest meat Fixed a bug where loot crates would only give primitive quality items Fixed a bug where the Maewing would not slide properly on water Fixed a bug where the Minigun would revert its quality when being placed on the ground Fixed some turret tracking bugs and improved turret tracking against TEK explosive arrows and other projectiles in low FPS. (More improvements to come) Turrets will now destroy TEK Explosive arrows in an AOE upon impact Fixed a bug where the TEK Bow was not requiring its Engram to equip Fixed some mission and item typos/descriptions Fixed a bug where race missions would count your weight, forcing you to move mockingly slow. Prevented C4 from being attached to the Canoe Fixed a bug with the Noglin when attaching to tamed dinos it would ""untame"" them. Removed a bunch of invalid items (such as carnivore seeds) from the files. Fixed a bug which allowed you to tame mission dinos and have retroactively destroyed them. Fixed a server side crash Improved Space Dolphin shooter mission hit registration v329.22 - 06/08/2021",Before
2021-06-08,v329.21,1,v329.21 - 06/08/2021,Before
2021-06-06,v329.14,19,"Fixed multiple client and server crashes Fixed a bug where Stryders were not starting to auto-charge after being tamed Fixed a bug which prevented the TEK Gloves from working if TEK Shoulder Cannon was equipped Fixed mission progression sometimes being erased Prevented the Canoe from being grappled Fixed a bug where explosive arrows would not be targetted by turrets Fixed some false positive mesh detection cases in mission zones Fixed the Astrodelphis losing too much taming effectiveness per feed Fixed the Canoe getting stuck in the Team Downriver Run race Fixed incorrect SFX on mounted dinos when wearing GEN2 armor Fixed being able to target players in the Starwing Strike race Fixed a bug which caused the Astrodelphis to ignore the server setting for taming, making it always tame at the same speed regardless of settings. Fixed a bug with the Stryder's shield. Fixed an exploit with projectiles. Fixed a bug where players would not be teleported to the boss fight Fixed a bug where some mission levels remain loaded after exiting the mission Fixed a bug with bAlwaysAllowStructurePickup Fixed a bug which prevented being able to place C4 with Gamepad v329.14 - 06/06/2021",Before
2021-06-05,v329.7,4,Fixed a multiple exploit Fixed multiple server and client crashes Fixed a replication issue with the Egg Incubator v329.7 - 06/05/2021,Before
2021-06-04,v329.6,6,Added a server config bool for Unofficial Servers to allow them to disable the GEN2 TEK Suit on spawn: bDisableDefaultMapItemSets=True (Game.ini) Fixed multiple server crashes/hang Fixed a bug where players would be unintentionally killed on the Hoversail Fixed a bug where you could use mission canoes as beds Fixed a bug where players could join servers and go over the slot count v329.6 - 06/04/2021,Before
2021-05-18,v327.21,22,"Epic Settings bumped up further for improved visuals Added a ""Allow Enanched Max View Distance Mode"" checkbox to settings Added a ""Reset Cinematics & Cosmetic Items"" button to settings to enable a one-time playing of cinematics/receiving your cosmetics again. Copy Dino Settings to nearby Dinos adding to Multi Use wheel on Creatures Multiple Ferox bug fixes in various game modes (dedicated, non-dedicated, and single player) Fixed an exploit with MEKs Fixed an exploit with Managarmr Ferox will now display stats for both of its forms Enforcer can now climb walls by holding down shift (similar to Bloodstalker) Cryofridge is now paintable Player Taxidermies now support hairstyles TEK Helmet multiuse wheel has been moved on keyboard to R Training Dummy updated to support equipping armour so more precise DPS can be identified Multiple holes, meshes, volume, floating folliage fixes across all platforms. New player whistle ""All Passive Flee"" New Server Configurations: Game.ini: bHexStoreAllowOnlyEngramTradeOption=true (only allows Engrams to be sold on the Hex Store, disables everything else). BaseHexagonRewardMultiplier=0.1 (Allows you to score hexagon rewards on specific servers) HexagonCostMultiplier=1 (Allows you to scale the hexagon cost of items in the Hexagon store) bDisableHexagonStore=0 (Allows you to disable the Hexagon store) v327.21 - 05/18/2021",Before
2021-05-05,v327.19,1,v327.19 - 05/05/2021,Before
2021-04-23,v326.13,5,Fixed a localisation crash Fixed an exploit that allowed players to cause others to disconnect using dedicated storage boxes Removed Easter Holiday content Eliminated edge cases where servers could have more players than the config would allowed  v326.13 - 04/23/2021,Before
2021-04-12,v326.8,0,,Before
2021-04-07,v326.6,1,v326.6 - 04/07/2021,Before
2021-03-31,v326.3,1,v326.3 - 03/31/2021,Before
2021-03-29,v325.17,4,Fixed a bug where wild bees would not spawn Additional server side logging Additional mesh detection metrics v325.17 - 03/29/2021,Before
2021-03-25,v325.10,3,Additional server side logging Fixed a mesh exploit v325.10 - 03/25/2021,Before
2021-03-25,v325.10,2,TEK Federation Helmet colourisation on female characters v325.10 - 03/25/2021,Before
2021-03-24,v325.6,1,v325.6 - 03/24/2021,Before
2021-03-19,v324.24,2,Fixed a mesh exploit v324.24 - 03/19/2021,Before
2021-03-11,v324.22,4,Deinonychus riders can no longer use weapons when they're latched onto a creature Deinonychus can no longer be picked up by the Karkinos Fixed a server-side stall exploit v324.22 - 03/11/2021,Before
2021-03-05,v324.18,3,Fixed an exploit that allowed you to avoid turret damage Hover Skiff can no longer use turbo speed when carrying enemy players or tamed enemy dinos (no changes made if using carrying allied or wild) v324.18 - 03/05/2021,Before
2021-03-05,v324.17,2,Reverted bola changes that were implemented with previous exploit-fix. v324.17 - 03/05/2021,Before
2021-03-05,v324.16,1,v324.16 - 03/05/2021,Before
2021-03-01,v324.10,12,Corrupted Dinos no longer damage player structures on PvE Made some tweaks to the Artifact system in single-player to resolve some scenarios where some artifacts (such as Skylord) would spawn/respawn unreliably. Fixed invisible bees. Fixed a bug that allowed players to escape through the ceiling barrier on some maps Fixed a client crash related to movement Fixed a client crash related to attacking with creatures Fixed a bug where the Colour ID was displaying incorrectly on Cryopods Fixed an exploit that allowed players to avoid turret damage Fixed a bug where enemy creature floating HUD names would still cost client performance even when not rendered Fixed a bug where the Shoulder Cannon was targeting allied creatures on PVE Fixed a server crash v324.10 - 03/01/2021,Before
2021-02-26,v323.18,4,Added some additional validation against renaming dinos and structures Fixed an exploit with explosives Fixed a server crash v323.18 - 02/26/2021,Before
2021-02-25,v323.17,0,,Before
2021-02-23,v323.14,4,"Fixed Cryopod UI displaying wrong values for some stats. Cryopod UI has been adjusted to be smaller, display gender, and whether a creature has been spayed or neutered. We plan to make some more changes to this in the future where the colour-ID will be included on the colours, as well as some general clean up of the UI. Fixed an issue where the new TEK Federation Gloves skin would cause some masking issues on the player character's head v323.14 - 02/23/2021",Before
2021-02-23,v323.6,1,v323.6 - 02/23/2021,Before
2021-02-18,v322.15,3,Additional metrics for transfer and server connection issues Cryopods now display more information including the creatures' colour region and mutations. v322.15 - 02/18/2021,Before
2021-02-11,v322.9,5,Fixed various map issues related to volumes and borders Ziplines will now check to see whether a character can actually fit into a space before allowing them to attach to the zipline Dino Leash now has a designated folder in the crafting UI Added the option to see Unlearned Engrams on Remote Inventories with crafting (which can be toggled on/off on the same UI) v322.9 - 02/11/2021,Before
2021-02-04,v321.20,3,Can no longer carry/base Corrupted Dinos Notes have had their character limit restored to the previous value (no longer cuts off after one line) v321.20 - 02/04/2021,Before
2021-01-26,v321.14,1,v321.14 - 01/26/2021,Before
2021-01-24,v321.11,7,Fixed an exploit that would allow the Velonasaur to have infinite stamina while firing spikes Fixed a bug that prevented players from accessing the Ferox inventory Fixed a bug that caused Billboards & Signs to have a 24 character limit Fixed a bug that caused wild beehive spawns to over spawn Fixed a typo with the Ovis Chibi Fixed a server crash v321.11 - 01/24/2021,Before
2021-01-17,v321.10,1,v321.10 - 01/17/2021,Before
2021-01-14,v321.1,3,Fixed a bug which prevented non-dedicated servers from being able to be hosted Fixed a bug where the inventory rank was not updating on the client unless you rendered the structure again or rejoined the server. v321.1 - 01/14/2021,Before
2021-01-06,v320.57,15,"Added TEK Chest V2 for Genesis Chronicles Added additional mesh biting detection Fixed multiple mesh methods Fixed a bug where the Scorched Earth Manticore was rewarding the incorrect amount of Element Fixed an exploit that allowed players to create names with invisible letters Fixed multiple level-design related bugs such as holes, floating foliage, incorrect volumes, etc. Fixed a bug where the Taming UI pop up would not function at reduced resolution scales Fixed a bug where the TEK Turret did not respect Tribe Ranks Fixed a crash with the Taming HUD Fixed an exploit that allowed beehives to be duped Managarmr can no longer dash when C4 is attached (Similarly to how the Pterodon cannot roll) Deinonychus riders are now correctly dismounted when flashed by a Plant Species Z Fruit Carno Visual Changes (Texture/Material Update) New Single Player/Host Setting: Enable Level Up for Flyer Movement Speed (You can enable the setting on Unofficials by doing the following: adding bAllowFlyerSpeedLeveling=True to the game.ini or -AllowFlyerSpeedLeveling to the commandline) v320.57 - 01/06/2021",Before
2021-01-04,v320.50,1,v320.50 - 01/04/2021,Before
2020-12-24,v320.38,1,v320.38 - 12/24/2020,Before
2020-12-23,v320.31,3,"If a server is set to run the event at a time already passed, then on load the server will immediately trigger the gifts.   v320.31 - 12/23/2020",Before
2020-12-18,v320.29,1,v320.29 - 12/18/2020,Before
2020-12-15,v319.29,2,Fixed an exploit with tribe names v319.29 - 12/15/2020,Before
2020-12-14,v319.22,1,v319.22 - 12/14/2020,Before
2020-12-11,v319.14,1,v319.14 - 12/11/2020,Before
2020-11-28,v318.14,13,"Removed level up notification when a dino is already at max level Fixed an exploit with FOV Fixed a bug with the Aberration day/night cycle Fixed an issue that could cause a stall when using the teleporter and troughs Fixed an occurrence where the TEK Skiff would be unable to fly even when it has been fueled Before eating a Tropeo egg, you will now receive a warning before consuming it Fixed an exploit with Nvidia Ansel Fixed an issue where the baby mantis could float in the air Adjusted the Stego's impale damage so that it scales with the level Fixed a bug where a mounted rider could be killed after removing a Trope saddle Fixed a mesh exploit with the Crab   v318.14 - 11/28/2020",Before
2020-11-24,v318.12,1,v318.12 - 11/24/2020,Before
2020-11-24,v318.9,1,v318.9 - 11/24/2020,Before
2020-11-19,v317.2,26,"Fixed a bug where Tamed Megalodons were accidentally applying the Gashed debuff, causing a slow and a bleed, rather than the Gnashed debuff which would only cause a bleed. Additionally, Wild Megalodons will no longer apply the bleed effect (Gnashed) to their targets. Fixed a bug which broke Basilisk IK Fixed a bug where the Mammoth damage debuff (Trumpet) was not working on wild or tamed dinos Fixed multiple level-design related bugs such as holes, floating foliage, incorrect volumes, etc. This includes the floating water volumes around the Crystal Isles floating islands which would cause players to dismount in midair. Fixed a bug which caused the Taming HUD to clear itself after a server restart or relog Fixed a bug which caused Quetz to be affected by small bear traps Fixed a bug which caused the Rock Drake to stop gliding Fixed a bug which caused Large Crop Plots to be fully irrigated when placed Fixed a bug which allowed players to place ocean platforms inside other player structures Fixed a bug which caused Onyc's babies to spawn at the wrong socket location Fixed a bug where HLNA was not correctly colorizable Fixed a bug which allowed Desert Kaiju flock to be taxidermable Fixed a bug which prevented you from being able to ""track all"" creatures that were tamed within a search filter in the Taming UI HUD. Fixed a bug which caused some foliage on Aberration to be missing collision Fixed a bug which prevented Arthropleuras, Spiders, and Onyc that were in Cryopods from being deployed Fixed a bug which caused Wild Stegos to have colour plating in Single Player Fixed a bug which caused Mantis that were grown from the baby stage to be larger than tamed ones Fixed a bug which made the Chibi Bone Rex smaller than intended Fixed a bug with the Hockey Mask which would cause it to stall players upon selection Fixed a bug which prevented the Stego from gaining experience when killing with Impale Fixed a bug which caused the Bleed Effect to be off center on the Allosaurus and Thylacoleo Fixed a bug which caused non-aggressive Eels to wander in circles Fixed a bug which made it so that the Shoulder Cannon icon was not colourised Fixed an exploit which prevented turrets from shooting at you Fixed an exploit that allowed Cannons and Turrets to be healed using the tent v317.2 - 11/19/2020",Before
2020-11-13,v317.1,1,v317.1 - 11/13/2020,Before
2020-11-12,v316.40,2,Fixed multiple server side crashes v316.40 - 11/12/2020,Before
2020-11-10,v316.31,2,Optimised server calculation for demolishing structures (Official only for now whilst being tested) v316.31 - 11/10/2020,Before
2020-11-10,v316.28,1,v316.28 - 11/10/2020,Before
2020-11-07,v316.18,2,Fixed a bug which caused players to timeout or get a Login Lock error when transferring on Official Servers v316.18 - 11/07/2020,Before
2020-11-06,v315.18,35,"Stego TLC Taming HUD Turret Radius Settings Insects are now breedable Wyverns are now breedable (except Zombie Wyvern) Reduced Giganotosaurus maturation time by approximately 15% (Total growth is around 10~ days) Increased Diplocaulus base health by 33% (from 190 to 250.3) Increased Diplocaulus movement speed when ridden by 25% Added a (slow draining) bleed to Thylacoleo basic attack Reduced depth requirement for Megachelon breeding so that it can be bred on other maps Reduced Megalodon gestation/aging times to match Megaloceros Added a Pack Bonus to Megalodon: Damage Reduction and Damage Increase per pack member within range Added a bleed to Megalodon basic attack Increased Jerboa base weight capacity from 55 to 120 (Matches Bulbdog) Increase Ankylosaurus metal weight reduction by 10% (from total reduction of 75% to 85%) You can now turn when rolling with a Doedicurus (similarly to the Genesis Race Mission) Basilisk now has eyes Element reward from The Island bosses has been increased by 100% Element reward from The Center bosses has been increased by 100% Element reward from Scorched Earth has been increased by 50% Fixed a bug where HLN-A would jitter a lot at low client fps Fixed a bug which allowed you to blow up 2 pieces of C4 without consuming them Fixed the Onyx having the wrong icon Fixed a lot of typos Fixed a shoulder pet offset issue with the Ferox on the Gigantopithecus Fixed a bug on localized/translated Cryopods which prevented it from displaying the correct information Fixed multiple level-design related bugs such as holes, floating foliage, incorrect volumes, etc. Fixed a bug which prevented you from placing Cliff Platform structures in the Genesis Part 1 Ocean Biome Fixed a bug which broke biome specific overrides Fixed a bug which allowed players to fly across the map with certain creatures and grappling hooks Completely disabled the option to set teleporters as Public on Official PvP (including using them). New Dynamic Ini options: HexagonRewardMultiplier (multiplies hex rewards for missions), BabyImprintAmountMultiplier, and BabyCuddleIntervalMultiplier Hotkey for GCM demolished has changed to ""G"" when using keyboard and mouse Ended Fear Evolved and removed Halloween content v315.18 - 11/06/2020",Before
2020-11-05,v315.17,1,v315.17 - 11/05/2020,Before
2020-11-05,v315.16,1,v315.16 - 11/05/2020,Before
2020-11-02,v315.15,1,v315.15 - 11/02/2020,Before
2020-10-29,v315.9,2,Additional anti-cheat server-side logging v315.9 - 10/29/2020,Before
2020-10-23,v315.4,4,"Changed scarecrows, pumpkins, gravestones to now give players a random amount between 1 and 5 Increased the average frequency of seeing gravestones, scarecrows, and piles by approximately 15% Fixed special map overrides not working on DLC maps, such as TEK Creatures, GEN-X, etc. v315.4 - 10/23/2020",Before
2020-10-23,v315.2,2,Prevented the Dodowyvern and DodoRex from being able to be picked up with a hoverskiff  v315.2 - 10/23/2020,Before
2020-10-13,v314.13,13,"Crystal Wyvern Fertilized eggs now properly warn players before consuming C4 will no longer float when attached to dinos that have been cryo'd Players can demolish structures quickly in GCM by using Q on keyboard or RightBumper+X on Gamepad/R1 + Square. Fixed a bug where players were unable to ride dinos whilst being grappled. Fixed multiple level-design related bugs such as holes, floating foliage, incorrect volumes, etc. Fixed multiple mesh exploits Fixed a bug which would cause Rock Drake to spin rapidly when climbing walls Fixed a shooting exploit with TEK Tapejara Fixed a bug which allowed Magmasaur to do damage in ORP mode Added colorisation options for Shoulder Cannon Added the TEK Trike to the core game so it can now be transferred Added the Master Controller flag to VR Boss v314.13 - 10/13/2020",Before
2020-10-09,v314.7,2,Further enhancements to the mesh protection system to prevent projectiles and structures from being fired or placed inside the mesh v314.7 - 10/09/2020,Before
2020-10-08,v314.5,2,Fixed a client crash on Linux v314.5 - 10/08/2020,Before
2020-10-08,v314.3,1,v314.3 - 10/08/2020,Before
2020-10-01,v313.57,7," Fixed multiple level-design related bugs such as holes, floating foliage, incorrect volumes, etc.  Networking optimizations and security improvements  Pacifier (Imprint) Icon only displays above baby dinos when imprinting is NOT at 100%, and will pulse when a baby is ready to be cuddled  Additional mesh detection improvements  Fixed a bug with Tropeo that allowed it to attack ORP structures and dinos Initial Implementation of the Live Tuning System. More details can be found here. v313.57 - 10/01/2020",Before
2020-09-29,v313.55,7,Fixed a turret soaking exploit Dino Leash will no longer prevent creatures from being transported via a TEK Teleporter Fixed a bug that prevented the oil pump structure from being able to be placed on oil wells. Fixed a bug which prevented players from launching the expansion pack maps on Linux Locally run 'getall' commands are now locked behind a server admin check Alliance chat now works with Gamepad v313.55 - 09/29/2020,Before
2020-09-28,v313.52,2,Fixed a bug which would cause spectator mode to stop working v313.52 - 09/28/2020,Before
2020-09-27,v313.49,4,Fixed a crash related to the stasis optimisation code (Official Only) Fixed OSDs and Veins not being destroyed when leaving render distance (they are supposed to be destroyed) Fixed Gas Veins continuing to explode gas balls even when they have a collector attached v313.49 - 09/27/2020,Before
2020-09-26,v313.46,2,Fixed some stasis-related crashes (Official Only) v313.46 - 09/26/2020,Before
2020-09-25,v313.43,2,Additional stasis optimisations (Official Only) v313.43 - 09/25/2020,Before
2020-09-25,v313.41,1,v313.41 - 09/25/2020,Before
2020-09-24,v313.37,1,v313.37 - 09/24/2020,Before
2020-09-19,v313.35,5,Prevented players from being able to level up tames above the server-specific level clamp Fixed multiple mesh methods Fixed an exploit with the Astrocetus Updated the PC Client Patch Notes URL v313.35 - 09/19/2020,Before
2020-09-18,v313.33,1,v313.33 - 09/18/2020,Before
2020-09-17,v313.30,1,v313.30 - 09/17/2020,Before
2020-09-16,v313.28,12,Fixed Fence Supports requiring foundational support when trying to snap to each other Fixed an exploit which allowed players to bring tames to Genesis Gauntlet Missions Fixed the DefeatBoss admin command Added additional sockets onto the skiff which auto-turrets can use as targeting options Added some protection to the Tribe UI to prevent players from accidentally leaving their own tribe or kicking themselves Prevented the trough visual from displaying in spectator mode Fixed a bug which allowed you to complete Genesis Gather Missions before hitting all the requirements Fixed a bug which would allow you to build a floating base Fixed a bug which prevented Megachelons from counting towards the platform dino limit Fixed a mesh exploit Fixed a bug which prevented catapults from applying damage when shooting boulders v313.28 - 09/16/2020,Before
2020-09-15,v313.23,1,v313.23 - 09/15/2020,Before
2020-09-13,v313.22,1,v313.22 - 09/13/2020,Before
2020-09-10,v313.19,1,v313.19 - 09/10/2020,Before
2020-09-08,v313.14,1,v313.14 - 09/08/2020,Before
2020-09-05,v313.14,1,v313.14 - 09/05/2020,Before
2020-09-04,v313.10,1,v313.10 - 09/04/2020,Before
2020-08-31,v313.7,13,"Increased the TEK Bridge decay timer Fixed a level up animation glitch with the Bear and Megatherium Fixed multiple level design related bugs such as holes, floating foliage, incorrect volumes, etc. Fixed a bug which caused the Trough visual indicator to reset on load in Single Player Fixed an exploit used by malicious players to arbitrarily add pin codes to unpincodeable structures Fixed various broken creature spawns in Genesis Single Player Adjusted the Transfer UI's Server Session list alignment Fixed a bug where downloaded Titans were not saving on servers Fixed an exploit with Crystal Wyverns Fixed an exploit with the Reaper and Basilisk Fixed an exploit with the Deinocyhus Fixed a bug with the TEK Skiff would not update its inventory, causing it to be unable to fly as it assumed it was carrying too many items v313.7 - 08/31/2020",Before
2020-08-25,v313.5,1,v313.5 - 08/25/2020,Before
2020-08-18,v312.84,9,"Transfers and Reaper Pregnancy now enabled on Official Crystal Isles and * (EGS/new) servers Fixed multiple level design issues related to holes, volumes, floating foliage, and more across various maps. Desert Kaiju lightning strike no longer goes through terrain/world geo Fixed a stutter with the TEK Suit on Crystal Isles Reaper Kings in Rockwell Fight are no longer tamable Setname now correctly checks for admin Trough now remembers the state of the Visual Indicator on load of save game Fixed multiple mesh exploits v312.84 - 08/18/2020",Before
2020-08-18,v312.83,1,v312.83 - 08/18/2020,Before
2020-08-18,v312.82,1,v312.82 - 08/18/2020,Before
2020-08-14,v312.80,4,The admin command destroytribestructureslessthan now works correctly on teams that are not part of tribes. Purlovia can no longer burrow if it's being carried by a Skiff beam Gacha Crystals are now applying the item clamp on generated items v312.80 - 08/14/2020,Before
2020-08-10,v312.74,2,Fixed a bug which would have caused consumable items to have not been removed from inventories upon use. v312.74 - 08/10/2020,Before
2020-08-05,v312.72,2,Unofficial Servers can now disable family sharing by disabling the following config in GameUserSettings.ini under ServerSettings: AllowSharedConnections=False v312.72 - 08/05/2020,Before
2020-08-04,v312.66,1,v312.66 - 08/04/2020,Before
2020-07-22,v312.57,16,"Baby Creatures will no longer auto-wander when hatched Mounting a flying creature will no longer instantly cause it to take off Cryopods in a playerâ€™s inventory will now charge if a player is sleeping in a TEK Pod. TEK Helm will now provide players with the Gas Mask bonus, protecting them from the Poison Wyvern and Basilisk spit. Tamed Creatures can no longer consume antidote Added multiple item-clamping checks to various areas of loot generation and crafting. Heavy Turret damage increased by 15% TEK Turrets now require double the amount of shards per bullet Metal Ingot stack size has been increased to 300 Raw Metal stack size has been increased to 300 Spoil time on Lesser Antidote has been increased to 3 days Spoil time on Prime Meat and Prime Fish have doubled HLNA and Chibi Creatures no longer disable the protection against Bees buff. Yell and Whisper can now switch between the following modifier keys on PC: Left Shift, Left Ctrl, and Left Alt. A configurable GameUserSettings.ini which allows server hosts to limit the amount of gateways that can be placed on platform saddles. This  configuration is not retroactive, so applying this change will require some manual administration work to clear up any pre-existing platforms that exceed the limit. MaxGateFrameOnSaddles=2 Weâ€™ll be enabling this on our Official PvP Network and setting the limit to 2, on all platforms. Official PvP players will have approximately 30 days to adjust their current existing platforms to remove any that exceed the gateway limit. v312.57 - 07/22/2020",Before
2020-07-21,v312.53,4,Cruise Missiles will now be targeted by turrets that are set to Survivor Only Tweaked the Bloodstalker's valid-enemy target HUD color and additional server-side validation to prevent exploits. Fixed a bug with the Bloodstalker that prevented it from harvesting corpses v312.53 - 07/21/2020,Before
2020-07-17,v312.52,4,Fixed an exploit that allowed you to avoid cryosickness Removed the purple crosshair from Bloodstalker when it has a valid enemy target due to exploit potential. End the Summer Bash event on Official Servers v312.52 - 07/17/2020,Before
2020-07-14,v312.47,4,Fixed multiple mesh exploits Added additional settings to the dynamic config Fixed some colorization issues with the Crystal Wyverns v312.47 - 07/14/2020,Before
2020-07-12,v312.43,7,Fixed multiple undermesh exploits Fixed an exploit to block turret fire Fixed Saddles not respecting the armor clamp when releasing them from cryopods Fixed EGS clients not being able to rejoin full servers without relaunching the application Added multiple missing sound effects Added a limit to the number of flex pipes that can be placed within an area v312.43 - 07/12/2020,Before
2020-07-10,v312.40,1,v312.40 - 07/10/2020,Before
2020-07-09,v312.35,3,Improved shooting accuracy on lower fps servers against moving targets Fixed some client crashes specific to mods v312.35 - 07/09/2020,Before
2020-07-07,v312.32,23,"Fixed an exploit related to Shoulder Cannon MEKs can now harvest corpses with their swords Reduced TEK Generator enemy foundation check radius in PvE Multiple level design fixes related to holes, volumes, floating foliage, and collision. Rollrat passengers are no longer killed when the Rollrat rolls Begin 'Mating' has now been moved back to the standard tick (should eliminate the delay in creatures starting to mate) TEK Sensor settings should not restart after loading a saved game Crystal Wyvern cloning costs have been rebalanced Removed some unusable items from the Mission Loot Tables Added TEK Trike and Ice Golem to the recoverable cryo array so that they can be cryo'd and used on Genesis specifically Additional Hexagon Loot Crate protection to prevent them from being unopened upon purchase TEK Gloves now work on Genesis Fixed some cases where the Rock Drake was able to shoot at turrets but not be targeted itself Megalechon dermis now works on the Large Taxidermy Base HLNA skin will now respect the 'disable default survivor item' options in the client Added `BabyImprintAmountMultiplier` as an additional game.ini config for globally tuning imprinting. Multiplier applied to the percentage each imprints provide. For example, if an imprint usually give 8%, setting this multiplier to 0.5 means they would now give 4% each. While setting it to 2.0 means they would now give 16% each, etc. This multiplier is global, meaning it will affect the imprinting progression of every species Further tweaks to logic used in shooting desync exploit fix Fixed another bug that would have prevented data from being written to the cloud when transferring characters (Official Only). Prevented unclaimed dinos from breeding Prevented baby dinos from auto-harvesting Fixed element pool not restoring element for TEK equipment v312.32 - 07/07/2020",Before
2020-07-05,v312.29,2,Fixed a bug which would have prevented data from being written to the cloud when transferring characters (Official Only). v312.29 - 07/05/2020,Before
2020-07-02,v312.27,2,Fixed multiple server crashes v312.27 - 07/02/2020,Before
2020-07-01,v312.24,3,Fixed multiple exploits related to Genesis Mission Weapons Fixed a bug that allowed you to purchase unopened loot crates v312.24 - 07/01/2020,Before
2020-06-30,v312.19,1,v312.19 - 06/30/2020,Before
2020-06-29,v312.14,4,Fixed Dino Leash breaking on restart Fixed a crash related to crafting items with the gamepad Reduced the Prime Jerky crafting cost of Summer Bash Holiday items v312.14 - 06/29/2020,Before
2020-06-27,v312.15,2,Fixed a server crash v312.15 - 06/27/2020,Before
2020-06-26,v312.13,1,v312.13 - 06/26/2020,Before
2020-06-25,v312.9,4,"If this command line arg is used, this is the public IP that EGS clients will attempt to connect to. If this command line is missing and -Multihome is specified, then EGS clients will attempt to connect to the Multihome IP Note that if you're using Multihome and specify a non-public IP address, then players will not be able to connect to your server using EGS. Make sure to set a public IP address (e.g WAN or external) v312.9 - 06/25/2020",Before
2020-06-19,v311.302,7,"Fixed multiple level design bugs related to holes, collision, floating foliage, and incorrect volumes. Primal Crystal is now transferable Jump Pad enemy foundation prevention removed Fixed an exploit which allowed players to transfer items into non-downloadable servers Fixed a bug which would cause dinos to get stuck when using the Arctic NE teleport Fixed players being unable to use the bunny-hop dance v311.302 - 06/19/2020",Before
2020-06-18,v311.209,2,Limited the public teleport setting specifically for Official PvP v311.209 - 06/18/2020,Before
2020-06-16,v311.101,9,"EGS Clients can now use the favourite server feature Genesis Geysers no longer restore the food stat Fixed a bug where using the rocket launcher could propel you backwards Scout can no longer pushed tamed dinos Crystal Wyverns can now be cryopoded Fixed multiple mesh holes, collision issues, floating foliage, and incorrect volumes Fixed Tropical Wyvern from regaining health passively Fixed a bug where some Crystal Wyverns could not be tamed properly v311.101 - 06/16/2020",Before
2020-06-16,v311.100,1,v311.100 - 06/16/2020,Before
2020-06-16,v311.99,1,v311.99 - 06/16/2020,Before
2020-06-14,v311.97,3,Resolved some connection and start up issues with EGS clients Improved listing for Unofficial Servers on EGS clients v311.97 - 06/14/2020,Before
2020-06-12,v311.94,2,Unofficial hosts should make sure they're installed vc140: https://www.microsoft.com/en-au/download/details.aspx?id=48145  v311.94 - 06/12/2020,Before
2020-06-12,v311.87,1,v311.87 - 06/12/2020,Before
2020-06-12,v311.81,3,"Fixed certain server map names not showing on the session filter Fixed eggs and babies being teleported to 0,0 when in stasis v311.81 - 06/12/2020",Before
2020-06-11,v311.79,2,Fixed language overrides on EGS v311.79 - 06/11/2020,Before
2020-06-11,v311.78,2,Fixed EGS clients not being able to connect to password protected servers v311.78 - 06/11/2020,Before
2020-06-11,v311.74,3,Fixed a client side crash when accessing inventories Fixed Crystal Isles Map showing in all filters v311.74 - 06/11/2020,Before
2020-06-10,v310.211,5,Increased Ovis corpse harvesting scaling by 4x Fixed a mating range bug Additional server-side transfer logging Whisper (ALT+B) and Yell voice (Shift+B) chat have been added v310.211 - 06/10/2020,Before
2020-06-05,v310.117,1,v310.117 - 06/05/2020,Before
2020-06-04,v310.80,0,,Before
2020-05-31,v310.112,4,Corrupted Dinos can no longer be teleported Reduced scaling factor of sheep harvesting health to reduce stalls Set ORP activation timer to 10 seconds on Official PVE servers v310.112 - 05/31/2020,Before
2020-05-26,v310.111,1,v310.111 - 05/26/2020,Before
2020-05-20,v310.94,4,Made some UI improvements to the TEK Grenade Launcher and the Giant Turtle's Breath Attack Additional protection added to glitches on Genesis Fixed some bugs where XP was not being awarded properly when collecting Glitches v310.94 - 05/20/2020,Before
2020-05-15,v310.90,1,v310.90 - 05/15/2020,Before
2020-05-09,v310.76,3,Titans cannot be transferred into Genesis Managarmr cannot be ridden on regular Genesis servers (can be ridden on flyer-allowed servers) v310.76 - 05/09/2020,Before
2020-05-08,v310.68,2,Added additional protection to character downloads in invalid cases v310.68 - 05/08/2020,Before
2020-05-08,v310.67,1,v310.67 - 05/08/2020,Before
2020-04-30,v310.53,10,"Fixed an exploit which would cause players to become invisible Fixed multiple server stalls Fixed multiple level issues including holes, floating foliage, areas where they could get stuck, and missing volumes Mindwipe Tonic now warns players before being consumed Created a cheat command to grant unlimited weight for admins (Cheat deeppockets or cheat infiniteweight) Lava Lizard can now be spayed or neutered Fixed some missing icon related to holiday emotes Fixed a bug which could have caused characters to fail to download Disabled the temporary additional server crash logging v310.53 - 04/30/2020",Before
2020-04-29,v310.5,2,Enable additional logging to identify server crashes & stalls v310.5 - 04/29/2020,Before
2020-04-27,v310.47,1,v310.47 - 04/27/2020,Before
2020-04-22,v310.41,4,"Retroactive fix for Valguero Ice Wyverns which were stuck as ""Raptors"" in cryopods. (Note: you'll still see the raptor icon until you deploy the cryopod) Fixed holes/floating foliage Resolved some anti meshing false positives v310.41 - 04/22/2020",Before
2020-04-18,v310.36,17,"Enabling 2x harvest, breeding, XP and taming Fixed a bug with Cruise Missiles which caused them to detonate on the player firing Fixed a bug which prevented MEKs from attacking structures Fixed an exploit with the Rock Drake Fixed multiple level design issues related to holes, floating foliage, volumes, and lighting Fixed multiple server crashes and server stalls Fixed a bug with certain creatures attacking through structure walls Reduced the Giant Turtle's bubble-blowing attack on when above ground Marked Valgeuro's Ice Golem and Chalk Golem as unable to transfer Valguero Ice wyvern class switched to Ragnarok Ice Wyvern Fixed an exploit that allowed mission creatures to be used in unintended ways Added additional kill volumes to unintended playable areas Fixed an exploit which allowed certain creatures to attack structures through walls Fixed a bug that could cause items to transfer back to your own inventory when transferring from personal to remote with the T key. Adjusted (reduced) the Thyla cost for cloning Fixed a bug with the grenade launcher where it sometimes wouldn't use all its ammo v310.36 - 04/18/2020",Before
2020-04-15,v310.29,1,v310.29 - 04/15/2020,Before
2020-04-14,v310.27,1,v310.27 - 04/14/2020,Before
2020-04-11,v310.19,8,"Fixed a crash that resulted when trying to craft an item from the hotbar Ferox breeding/mutation movement speed has been corrected to be consistent between small and large Ferox. Terrain textures have been improved on The Island in areas where it appeared to be low quality Improved several terrain areas in Genesis that caused players to get stuck, to be incorrectly teleported, or allowed players to unfairly exploit. Fixed an issue with the lighting in caves on The Island Fixed an exploit with turrets and ziplines Fixed an exploit with meshing and the cruise missile v310.19 - 04/11/2020",Before
2020-04-07,v310.11,4,Increased % chance of active event colour dinos spawning from 10% to 25% Fertilized Eggs now have a warning when a player attempts to consume them Fixed an exploit that allowed you to get under the map. v310.11 - 04/07/2020,Before
2020-04-03,v309.53,15,Fixed a bug where MEK pistol could damage players mounted on a dino Reduced MEK pistol damage to players by 85% Reduced MEK Pistol range by 25% Increased the amount of materials harvested by the mining drill TEK Shield now has a limited number of crafts (like other TEK blueprints) Made multiple improvements to the Hexagon Exchange UI Fixed a bug where releasing from a cryopod using EnableCryopodNerf would cause them to take 10x damage for the time set. Introduced an increase incoming damage multiplier from the cryopod-release debuff This can be adjusted with the command line/GameUserSettings.ini parameter 'CryopodNerfIncomingDamageMultPercent' where 0.25 = 25% This is enabled on our Official PvP servers and is set to 25% by default Loot crates will now automatically open when purchased if you are flying or swimming Prevented MEKS from being able to be stacked inside each other Fixed an issue with TEK durability that prevented stat capping Argents can no longer pick up smaller wild aggressive creatures in PvE v309.53 - 04/03/2020,Before
2020-04-01,v309.44,11,"Fixed several missing notifications on gather, retrieve, basketball, hunt, and escort missions Fixed an exploit that allowed Ferox to clip inside enemy structures Ferox can no longer be trapped with a bola Reduced the amount of element received by Red Crystals on Genesis by 33% Increased the amount of materials harvested by the mining drill by 33% Players recover 50% faster from the frozen state left by the Snow Owl dive Removed the Snow Owl heal effect on enemy players and enemy-tamed creatures (wild creatures are still affected) Snow Owl dive slow has been reduced to 2.5 seconds Fixed a bug where Ferox Stats were being rerolled after first time transforming Prevented itchy from stealing cryopods v309.44 - 04/01/2020",Before
2020-03-30,v309.42,1,v309.42 - 03/30/2020,Before
2020-03-26,v309.4,3,Fixed multiple cases where the Bloodstalker couldn't swing around Extinction Fixed some configuration issues with the dynamic rates ini on non-standard official servers v309.4 - 03/26/2020,Before
2020-03-24,v307.8,32,"Fixed several mesh holes in various biomes Improved hover skiff movement and operation on steep terrain Fixed a damage exploit with Ferox Ferox should now keep its imprint buff when in large form Reduced cloning cost for the Giant Turtle Improved HLNA performance when crafting a large number of items Teleporting East in the Bog biome will no longer transport the player South East Insect swarms now give chitin instead of hide Modified the no-build zone in the main volcano cave Adjusted the trajectory of lunar comets to prevent edge cases of players and dinos dying Fixed a rare case where the mining drill could damage the tek sensor Activation/deactivation settings will now save on the tek alarm Activation/deactivation settings will now save on the pressure plate The lava on The Island in caves and the lava in the Wyvern trench on S.E. will no longer damage Magmasaur Improved localization on the Rockwell boss fight and end cutscene Cryopods can be accessed in the HLNA Shop again Enabled several performance-related visual tweaks on wild Astrocetus Improved the accuracy of HLNA cardinal direction when teleporting HLNA teleportation logic now tries to avoid turrets, non-allied players, and hostile dinos Fixed an exploit with cruise missiles that allowed them to bypass turrets Improved several visual components of the mission UI (difficulty text, leaderboards, item lists, mission notifications) Made adjustments in areas near the volcano to fix rare instances where eruptions would instantly kill players/dinos Significantly reduced the frequency and slightly increased the duration of green rain in the bog biome Reduced the number of insect swarms in Bog biome by about 25% Added a cooldown between green rain insect swarm spawns. Fixed an edge case that caused the player to be destroyed when mounting an Equus and equipping its saddle Increased the placement radius check for ocean platforms to prevent them from being placed next to enemy foundations/platforms Prevented Meks from being deployed in the VR Mission Fixed an issue that prevented players from receiving the mission buff in specific biomes (Bog/Ocean/Arctic) Fixed the increased damage multiplier in various biomes Reduced the bat spawns in the main volcano within the volcano biome v307.8 - 03/24/2020",Before
2020-03-22,v307.7,2,Re-enabled configuration to prevent Reapers from being transferred to Genesis. v307.7 - 3/22/2020,Before
2020-03-21,v307.59,1,v307.59 - 3/21/2020,Before
2020-03-20,v307.56,2,Fixed an issue with crafting costs on TEK items v307.56 - 3/20/2020,Before
2020-03-17,v307.43,2,Fixed multiple bugs related to locations showing Mission Areas when they weren't supposed to or vice versa v307.43 - 3/17/2020,Before
2020-03-05,v306.84,2,Magmasaur projectile speed and gravity adjusted for proper turret targeting in low FPS conditions v306.84 - 3/5/2020,Before
2020-03-04,v306.83,2,Fixed a display bug with the Hexagon Shop v306.83 - 3/4/2020,Before
2020-02-26,v306.53,22,"Changed ocean platforms to be Blueprints only in mission rewards (to prevent demolishing rewards for materials) Increased damage to insect swarms by Beelzebufo to 2.5x Increased damage to insect swarms by Fire to 1.5x Reduced health of insect swarms by 50% Reduced AoE damage on the tek cruise missle Reduced the explosion radius and explosion emitter size on the tek cruise missle Fixed issue where insect swarms could attack through walls Fixed an issue with Megachelon (turtle) taming method Restricted cryo use and disabled building in the VR boss arena Fixed an issue where rock slides would linger after ending Fixed several visual bugs with Magmasaur Fixed several visual bugs with Space Whale Fixed several bugs with the Ferox taming process You must now hold the sprint key with the Ferox when super jumping. In order to super jump, just jump again + shift right before landing after a regular jump. Bloodstalker can no longer be knocked out Ambergris weight now scales by 0.5 in Magmasaur to help with raising babies Adjusted the platform build area on the Megachelon Fixed a taming bug with the Bloodstalker Fixed a crash with Extinction's horde crate and element node Restored Extinction Horde mode data Fixed some bugs which caused projectiles to not expire on clients v306.53 - 2/26/20",Before
2020-02-11,v305.13,0,,Before
2020-02-06,v304.458,0,,Before
2020-02-04,v304.457,1,v304.457 - 2/4/20,Before
2020-02-03,v304.456,1,v304.456 - 2/3/20,Before
2020-01-30,v304.455,1,v304.455 - 1/30/20,Before
2020-01-28,v304.454,1,v304.454 - 1/28/20,Before
2020-01-27,v304.453,2,Fixed an exploit with refertilizer v304.453 - 1/27/20,Before
2020-01-26,v304.45,1,v304.45 - 1/26/20,Before
2020-01-24,v304.4481,2,Fixed several static meshes to improve the anti-mesh system v304.4481 - 1/24/20,Before
2020-01-23,v304.4480,1,v304.4480 - 1/23/20,Before
2020-01-22,v304.447,2,Fixed anti-mesh issue with the ice cave in Ragnarok v304.447 - 1/22/20,Before
2020-01-22,v304.445,1,v304.445 - 1/22/20,Before
2020-01-20,v304.443,0,,Before
2020-01-11,v304.44,1,v304.44 - 1/11/20,Before
2020-01-09,v304.43,2,Added additional server-side protection to Explorer Notes to prevent cheaters from acquiring them with hacks v304.43 - 1/9/20,Before
2020-01-07,v304.42,18,"Disabled climbing picks from attaching to gateframes, charged lanterns, ladders, fence foundations, and railings. Fixed 2 mesh exploit related to creatures. Fixed 2 mesh exploits related to structures. Fixed ice titan breath going through the mesh. Fixed some cases where building structures did not use a bidrectional trace check (allowing certain structures to be placed deep into the mesh). Fixed a case where a collision check on players wasn't correctly applying thereby allowing them to go enter some meshes. Fixed a bug which prevented players entering 'K' cam a second time if they had a weapon/tool in their hand. Fixed a bug with the Velonasaur's attacks causing it to incorrectly attack the wrong collision group on Paracers, Diplodocus, Brontos, and more creatures. (They should no longer take damage when you target the air beneath their bellies). Fixed an incorrect collision profile which allowed MEKs to collide into and stack on top of one another. Enforcer blink recharge cooldown reduced from 20 seconds to 7 seconds Enforcer blink range extended from 4000 units to 5000 units Enforce can no longer blink onto/or very very near creatures Fixed a bug which would sometimes cause the atmospheric fog to break Items placed on top of water pipes will now respect enemy foundations. Pipes can no longer be placed on enemy structures Fixed an exploit with the snow owl that allowed it to infinitely freeze players Fixed the enemy build radius check for the fence support v304.42 - 1/7/20",Before
2019-12-26,v304.32,1,Current Client Version: v304.32 - 12/26/19,Before
2019-12-23,v304.3,1,v304.3 - 12/23/19,Before
2019-12-20,v304.4,4,(Can be turned off by editing your ShooterGame\Saved\Config\WindowsNoEditor\GameUserSettings.ini -> Underneath the [/Script/ShooterGame.ShooterGameUserSettings] title add the following setting: bUseOldThirdPersonCameraTrace=true) Improved third person aim offset so that there is less likelihood of foliage clipping and allow for tighter angles when aiming down (Can be turned off by editing your ShooterGame\Saved\Config\WindowsNoEditor\GameUserSettings.ini -> Underneath the [/Script/ShooterGame.ShooterGameUserSettings] title add the following title: bUseOldThirdPersonCameraOffset=true) v304.4 - 12/20/19,Before
2019-12-19,v304.23,2,Chibi xp can no longer be buffed or affected by killing enraged corrupted Rex v304.23 - 12/19/19,Before
2019-12-19,v304.22,1,v304.22 - 12/19/19,Before
2019-12-18,v304.2,13,"Fixed a network desync related to Velonasaurs Fixed a client crash related to Velonasaurs Fixed a client FPS bug related to Velonasaurs Fixed a bug which allowed MEKs to be invulnerable to various types of damage Fixed a bug which allowed Managarmrs to use their ice breath underwater/whilst swimming Fixed a bug which allowed Velonasaurs to shoot endlessly in turret mode without draining stam Fixed two damage miscalculation bugs with the Managarmr pounce and Velonasaur AOE Needle Spin Fixed an exploit related to turret damage Velonasaurs will now consume stamina whilst in AI-turret mode Managarmr limited to 3 jumps, 6 strafes, and 1 dash before it has to land Reduced Managarmr ice-breath exponential damage scaling by approximately 20% Reduced Velonasaur recovery time (how much time is required to pass before the Velonsaur starts regenerating stamina) from 4 seconds to 1 second v304.2 - 12/18/19",Before
2019-12-17,v304.1,1,v304.1 - 12/17/19,Before
2019-12-11,v303.1,11,    Green     Light Grey     Light Red     Dark Green     Dark Red     Dino Light Red     Dino Light Green     Dino Medium Green     Dino Albino     NearWhite v303.1 - 12/11/19,Before
2019-12-04,v302.7,46,Added Corrupted Avatar shirt and gloves for Genesis Chronicles Reduced Plant Z flash range by 50% Plant Z Grenades weight reduced from 10 to 5 Dedicated Storage weight reduced from 50 to 20 Decreased cook time on the industrial grill by 50% Metal Cliff Platforms no longer take 50% less damage from explosive damage Shortened aberration earthquake duration by ~10% Shortened Scorched Earth sandstorm duration by ~15% Bronto should no longer be affected by knockback MEK pistol Damage reduced by 10% Lowered gasoline consumption rate by 50% on the following structures:      Chemistry Bench     Electrical Generator     Fabricator     Industrial Cooker     Industrial Forge     Industrial Grill     Industrial Grinder. Modified the stack size on various items:     Veggie Cake 5 -> 10     Raw Meat 20 -> 40     Cooked Meat 30 -> 50     Sap 20 -> 30     Fiber 200 -> 300     Thatch 100 -> 200     Organic Polymer 10 -> 20     Vacuum Compartment 100 -> 5     Vacuum Compartment Moonpool 100 -> 5 Modified the inventory slot size of various items:     Industrial forge 60 -> 100     Chemistry Bench 60 -> 100     Fridge 48 -> 80     Industrial Cooker 48 -> 80     Preserving Bin 24 -> 48     Mortar and Pestle 12 -> 24     Refining Forge 8 -> 24 Modified Drag weight of creatures to prevent carry by Quetz and Crab:      Galli      Kapro     Megalosaurus     Procoptodon Reduced stun duration on jellyfish and eels by 20%     Wild eels 7 -> 5.6     Tamed eels 1.5 -> 1.2     Cnidaria 4 -> 3.2 v302.7 - 12/4/19,Before
2019-12-03,v302.61,1,v302.61 - 12/3/19 (Official servers only),Before
2019-11-30,v302.6,1,v302.6 - 11/30/19,Before
2019-11-25,v302.41,1,v302.41 - 11/25/19,Before
2019-11-22,v302.4,2,Fixed instance where cryopods could fall through mesh v302.4 - 11/22/19,Before
2019-11-20,v302.2,0,,Before
2019-11-19,v302.1,1,v302.1 - 11/19/19,Before
2019-11-08,v301.1,2,Fixed a server crash  v301.1 - 11/08/19,Before
2019-11-05,v300.7,1,v300.7 - 11/5/19,Before
2019-11-03,v300.6,2,Added Corrupted Avatar boots and pants for Genesis Chronicles v300.6 - 11/3/19,Before
2019-10-31,v300.5,1,v300.5 - 10/31/19,Before
2019-10-29,v300.3,1,v300.3 - 10/29/19,Before
2019-10-24,v300.1,2,Fixed issues with spawning and overspawn in relation to Fear Evolved event v300.1 - 10/24/19,Before
2019-10-22,v300.0,4,"Fixed weird foliage appearing on TheCenter map Fixed issue that caused items (Pumpkin, Scarecrow, and Stolen Gravestone) to disappear Fixed issue with Headless Mask and taxidermy v300.0 - 10/22/19",Before
2019-10-10,v299.27,3,Stolen Headstone Scarecrow Version: v299.27 - 10/10/19,Before
2019-10-10,v299.26,2,Fixed an issue with rare BSOD (blue screen of death) occurence v299.26 - 10/10/19,Before
2019-09-18,v298.41,3,Added HLN-A Explorer Notes 1-5 for Genesis Chronicles Added Corrupted Avatar Armor helmet for Genesis Chronicles v298.41 - 9/18/19,Before
2019-09-16,v298.40,14,"Fixed an exploit with Tek sword dash and ziplines Fixed a server crash when using the grapple hook Optimizations resulting in more available RAM Map fixes and polish (Aberration) Fixed instances where stone pick and crossbow remained in lower resolution when starting the game in ""extreme low memory mode"" Mek shield debuff is no longer given on shield deactivation Buffed Tek Turret health by 50% Outside of Mek shield debuff reduced to 30 seconds (from 60) Snow Owl freeze buff will no longer dismount riders Players and Dinos are now immune to the snow owl freeze for 10 seconds after being frozen Snow Owl Encapsulate/freeze wind up changed from 1.3 seconds to 2.6 Reduced Tek Tapejara Saddle projectile damage by 30% Reduced Plant Species Z Fruit weight to 10 v298.40 - 9/16/19",Before
2019-08-27,v298.37,3,"Fixed a server crash when using the grapple hook Buffed Tek Turret health by 50% (To receive the new buffed health, you will need to pick up and place the TEK turrets) v298.37 - 8/27/19",Before
2019-08-23,v298.31,4,"Set beer barrels to check for enemy foundations on placement, so they cannot be placed next to enemy structures set Cryopods and cryofridges are now craftable in an obelisk terminal inventory as well as supply crate inventory Minor map fixes for valguero v298.31 - 8/23/19",Minor
2019-08-08,v298.3,3,Added -pvedisallowtribewar flag Added 'cheat tp' commands for red/blue/green/king terminals v298.3 - 8/8/19,Before
